frame,time_sig,x_norm,y_norm,vx_norm,vy_norm,ax_norm,ay_norm,beat
0,2/4,0.5,0.5,0.0,0.0,0.0,0.0,0
1,2/4,1.0,0.0,1.0,-1.0,1.0,-1.0,0
2,2/4,1.0,0.0,0.02191987906273618,-0.601688951442646,-0.9780801209372638,0.398311048557354,0
3,2/4,0.0,0.0,-1.0,-0.5041870202372645,-1.0219198790627362,0.09750193120538153,0
4,2/4,0.0,0.0,-0.8641866756848157,-0.02836478698157984,0.13581332431518434,0.4758222332556846,0
5,2/4,0.0,0.20262176517120578,-0.5029917977679171,0.20262176517120578,0.3611948779168985,0.23098655215278563,0
6,2/4,0.0,1.0,-0.1762979371452305,0.861061604029446,0.3266938606226866,0.6584398388582402,0
7,2/4,0.0,1.0,-0.1669934263637412,0.5382661275895381,0.009304510781489306,-0.3227954764399079,0
8,2/4,0.0,1.0,-0.14746135997168364,0.45750111609309185,0.019532066392057568,-0.08076501149644622,0
9,2/4,0.0,0.9829771540596673,-0.17042136343615927,-0.017022845940332654,-0.02296000346447563,-0.4745239620334245,0
10,2/4,0.0,0.9747860012810807,-0.07052098495875789,-0.008191152778586619,0.09990037847740138,0.008831693161746035,0
11,2/4,0.003654172731683649,0.9323162328461344,0.003654172731683649,-0.04246976843494632,0.07417515769044154,-0.0342786156563597,0
12,2/4,0.019332241630276564,0.5258836545740406,0.015678068898592915,-0.4064325782720938,0.012023896166909267,-0.36396280983714746,0
13,2/4,0.037633430373605045,0.0,0.01830118874332848,-0.574889484493021,0.0026231198447355664,-0.16845690622092724,0
14,2/4,0.04027171276079573,0.0,0.002638282387190688,-0.3805134176450928,-0.015662906356137794,0.19437606684792824,1
15,2/4,0.060104318292091216,0.0,0.019832605531295483,-0.23224455334083835,0.017194323144104795,0.14826886430425443,0
16,2/4,0.07155203784570596,0.0,0.011447719553614746,-0.1840109151576146,-0.008384885977680737,0.04823363818322374,0
17,2/4,0.08312105773896167,0.0,0.011569019893255705,-0.23909401147133194,0.00012130033964095899,-0.05508309631371733,0
18,2/4,0.00917333818534692,0.0,-0.07394771955361475,-0.10953474961785946,-0.08551673944687045,0.1295592618534725,0
19,2/4,0.016936559922367783,0.0016292458788317026,0.0077632217370208634,0.0016292458788317026,0.08171094129063561,0.11116399549669116,0
20,2/4,0.017361111111111112,0.044502210465616504,0.0004245511887433287,0.0428729645867848,-0.007338670548277535,0.0412437187079531,0
21,2/4,0.002880883066472586,0.052003148654956845,-0.014480228044638527,0.007500938189340341,-0.014904779233381855,-0.03537202639744446,0
22,2/4,0.0,0.13333272312888433,-0.11841276224948052,0.0813295744739275,-0.103932534204842,0.07382863628458716,0
23,2/4,0.0,0.2777040447401902,-0.05679820956667973,0.1443713216113059,0.06161455268280079,0.0630417471373784,0
24,2/4,0.0,0.44233567956943975,-0.008773359068519934,0.16463163482924953,0.0480248504981598,0.020260313217943637,0
25,2/4,0.0,0.6803428738798935,-0.021426644099394116,0.2380071943104537,-0.012653285030874182,0.07337555948120417,0
26,2/4,0.0,0.9303634682800472,-0.002934918189155477,0.2500205944001538,0.01849172591023864,0.012013400089700088,0
27,2/4,0.0014674590945777386,1.0,0.0014674590945777386,0.12737590357308426,0.004402377283733216,-0.12264469082706952,0
28,2/4,0.0690439503998826,0.9645610480589275,0.06757649130530487,-0.035438951941072494,0.06610903221072713,-0.16281485551415675,0
29,2/4,0.2063858928265708,0.9627839494514174,0.13734194242668818,-0.0017770986075100748,0.06976545112138331,0.03366185333356242,1
30,2/4,0.29316164061926775,0.9315602410672894,0.08677574779269695,-0.031223708384128024,-0.05056619463399123,-0.02944660977661795,0
31,2/4,0.4200601658228777,0.7348173966793152,0.12689852520360995,-0.19674284438797418,0.040122777410912996,-0.16551913600384616,0
32,2/4,0.4323501357399662,0.365060696073213,0.012289969917088528,-0.3697567006061022,-0.11460855528652142,-0.17301385621812804,0
33,2/4,0.5005747548120429,0.13209766315825622,0.06822461907207672,-0.2329630329149568,0.05593464915498819,0.13679366769114543,0
34,2/4,0.6043485704502654,0.0,0.10377381563822241,-0.19467711806011942,0.03554919656614569,0.03828591485483737,0
35,2/4,0.7205835595666105,0.0,0.11623498911634511,-0.19180626553184915,0.0124611734781227,0.002870852528270268,0
36,2/4,0.7207058478244919,0.0,0.00012228825788140885,-0.1333995402709277,-0.1161127008584637,0.058406725260921444,0
37,2/4,0.7077677501406315,0.0,-0.012938097683860339,-0.12975757546331587,-0.013060385941741748,0.003641964807611836,0
38,2/4,0.6983515542837577,0.0,-0.00941619585687381,-0.031116003490524544,0.0035219018269865288,0.09864157197279133,0
39,2/4,0.6342969648054394,0.05573784373081564,-0.06405458947831832,0.05573784373081564,-0.054638393621444514,0.08685384722134018,0
40,2/4,0.44373517254873185,0.09774409562720068,-0.19056179225670755,0.042006251896385044,-0.12650720277838923,-0.013731591834430595,0
41,2/4,0.3444493359747597,0.12429701447250506,-0.09928583657397216,0.026552918845304377,0.09127595568273539,-0.015453333051080667,0
42,2/4,0.20094406535084502,0.1272136252766664,-0.14350527062391466,0.0029166108041613487,-0.044219434049942496,-0.023636308041143028,0
43,2/4,0.05919974564042361,0.2127220681593128,-0.14174431971042142,0.08550844288264639,0.0017609509134932366,0.08259183207848504,0
44,2/4,0.0,0.35025673231393084,-0.19924017694509497,0.13753466415461804,-0.05749585723467354,0.05202622127197165,0
45,2/4,0.0,0.5092708237779048,-0.04023855428908225,0.15901409146397394,0.15900162265601273,0.021479427309355897,0
46,2/4,0.0,0.7444061051250026,-0.07600358141724434,0.23513528134709782,-0.03576502712816209,0.07612118988312389,0
47,2/4,0.0,0.8266004313761464,-0.0780771325481653,0.08219432625114376,-0.0020735511309209614,-0.15294095509595407,0
48,2/4,0.0,0.9226886447403393,-0.012421211866543406,0.09608821336419293,0.06565592068162189,0.013893887113049175,0
49,2/4,0.0,0.9833353326229974,-0.0013596078957969651,0.060646687882658146,0.011061603970746441,-0.035441525481534786,0
50,2/4,0.14204545454545456,0.9825991236054955,0.14204545454545456,-0.000736209017501932,0.14340506244125154,-0.06138289690016008,0
51,2/4,0.20894319860346447,0.9220606325752497,0.06689774405800991,-0.06053849103024578,-0.07514771048744465,-0.059802282012743846,1
52,2/4,0.2459295689539412,0.8469014538364017,0.03698637035047672,-0.07515917873884803,-0.02991137370753319,-0.014620687708602254,0
53,2/4,0.4176933664562911,0.7009509562484858,0.17176379750234994,-0.1459504975879159,0.1347774271518732,-0.07079131884906786,0
54,2/4,0.5236672485564657,0.5405820520238692,0.10597388210017461,-0.16036890422461658,-0.06578991540217533,-0.014418406636700687,0
55,2/4,0.6200819121794011,0.4227462713247764,0.09641466362293538,-0.11783578069909284,-0.009559218477239229,0.04253312352552374,0
56,2/4,0.7293373170404189,0.36421412627513516,0.10925540486101781,-0.058532145049641215,0.012840741238082432,0.059303635649451625,0
57,2/4,0.7792651403249631,0.3411329151289777,0.04992782328454415,-0.023081211146157465,-0.059327581576473665,0.03545093390348375,0
58,2/4,0.7781824895931247,0.35919708527088023,-0.0010826507318383305,0.018064170141902536,-0.05101047401638248,0.04114538128806,0
59,2/4,0.7582331811467705,0.37809390075526106,-0.01994930844635423,0.018896815484380824,-0.0188666577145159,0.0008326453424782887,0
60,2/4,0.7432439237276756,0.3865238468214823,-0.014989257419094959,0.008429946066221217,0.004960051027259271,-0.010466869418159608,0
61,2/4,0.6660735866791997,0.43109859790991906,-0.07717033704847587,0.04457475108843678,-0.06218107962938091,0.036144805022215565,0
62,2/4,0.535861756411978,0.5795823131075782,-0.13021183026722172,0.14848371519765918,-0.05304149321874585,0.1039089641092224,0
63,2/4,0.44021082315026183,0.6914413937636276,-0.09565093326171614,0.11185908065604933,0.034560897005505575,-0.03662463454160986,0
64,2/4,0.3549835504229891,0.8378152703392442,-0.08522727272727271,0.14637387657561662,0.010423660534443435,0.0345147959195673,0
65,2/4,0.30209312474822075,0.9783135874077681,-0.05289042567476837,0.1404983170685239,0.032336847052504336,-0.005875559507092731,0
66,2/4,0.2746324023096549,1.0,-0.027460722438565843,0.1170205539067708,0.025429703236202528,-0.023477763161753096,0
67,2/4,0.14985061098428898,0.9497021572898224,-0.12478179132536593,-0.050297842710177565,-0.09732106888680009,-0.16731839661694836,0
68,2/4,0.0,0.9337570639459595,-0.2621891706848078,-0.01594509334386296,-0.13740737935944186,0.034352749366314606,0
69,2/4,0.0,0.7033312528924497,-0.05866946404207033,-0.2304258110535098,0.20351970664273747,-0.21448071770964683,1
70,2/4,0.0,0.4539840442921618,-0.01239826112864127,-0.24934720860028786,0.04627120291342906,-0.018921397546778074,0
71,2/4,0.02652320526536748,0.329711667876719,0.02652320526536748,-0.12427237641544281,0.03892146639400875,0.12507483218484505,0
72,2/4,0.04989098197478366,0.23519384189498443,0.02336777670941618,-0.09451782598173458,-0.0031554285559513007,0.029754550433708227,0
73,2/4,0.06526184639969665,0.13563625401758608,0.015370864424912992,-0.09955758787739835,-0.007996912284503187,-0.005039761895663769,0
74,2/4,0.0761907341449872,0.061776356850806916,0.01092888774529055,-0.07385989716677917,-0.004441976679622442,0.025697690710619184,0
75,2/4,0.08023997508159424,0.055963859769792845,0.0040492409366070375,-0.00581249708101407,-0.006879646808683512,0.0680474000857651,0
76,2/4,0.08625289473327825,0.11267710283746661,0.006012919651684018,0.056713243067673766,0.0019636787150769802,0.06252574014868784,0
77,2/4,0.09120271935645509,0.14722940469670143,0.004949824623176835,0.034552301859234816,-0.0010630950285071827,-0.02216094120843895,0
78,2/4,0.09395864086347692,0.1602958471852484,0.0027559215070218357,0.013066442488546964,-0.0021939031161549993,-0.02148585937068785,0
79,2/4,0.09025473652848688,0.21522585520980608,-0.0037039043349900436,0.05493000802455769,-0.006459825842011879,0.04186356553601073,0
80,2/4,0.08413347598217792,0.34652502685467057,-0.00612126054630896,0.1312991716448645,-0.002417356211318916,0.0763691636203068,0
81,2/4,0.06686664590132853,0.5405367537479779,-0.017266830080849394,0.19401172689330737,-0.011145569534540434,0.06271255524844288,0
82,2/4,0.0,0.6551032365716033,-0.07156283475601129,0.11456648282362536,-0.054296004675161894,-0.07944524406968201,0
83,2/4,0.06529721280881769,0.765935540298989,0.06529721280881769,0.11083230372738573,0.13686004756482897,-0.0037341790962396315,0
84,2/4,0.13944714307850892,0.7514955822474706,0.07414993026969123,-0.014439958051518431,0.008852717460873544,-0.12527226177890416,0
85,2/4,0.23221877126437557,0.7096214022171555,0.09277162818586665,-0.04187418003031507,0.01862169791617542,-0.027434221978796636,1
86,2/4,0.31654191566338113,0.6552348563009761,0.08432314439900557,-0.05438654591617942,-0.008448483786861083,-0.012512365885864352,0
87,2/4,0.38311246454533815,0.5338687284260403,0.06657054888195701,-0.12136612787493584,-0.017752595517048553,-0.06697958195875642,0
88,2/4,0.504658793092994,0.4268555197493281,0.12154632854765585,-0.10701320867671216,0.05497577966569883,0.01435291919822368,0
89,2/4,0.5916700914241826,0.3573029843712186,0.08701129833118859,-0.06955253537810951,-0.034535030216467255,0.03746067329860264,0
90,2/4,0.6196430616658469,0.30430481431003664,0.02797297024166434,-0.05299817006118196,-0.05903832808952425,0.016554365316927555,0
91,2/4,0.6369779490530826,0.2884234079319993,0.017334887387235653,-0.015881406378037366,-0.010638082854428688,0.037116763683144594,0
92,2/4,0.6274380343463878,0.29379858784767776,-0.009539914706694796,0.005375179915678485,-0.02687480209393045,0.02125658629371585,0
93,2/4,0.6140174763691731,0.2984583508472489,-0.013420557977214642,0.00465976299957116,-0.0038806432705198457,-0.0007154169161073254,0
94,2/4,0.6089847671277177,0.3586297961592514,-0.005032709241455491,0.06017144531200247,0.008387848735759151,0.05551168231243131,0
95,2/4,0.5362294430333695,0.4715446636691335,-0.07275532409434815,0.11291486750988211,-0.06772261485289266,0.05274342219787964,0
96,2/4,0.4188197724164415,0.5795344058218378,-0.11740967061692797,0.1079897421527043,-0.044654346522579824,-0.0049251253571778175,0
97,2/4,0.25404738966105006,0.7422864469890925,-0.16477238275539147,0.16275204116725472,-0.04736271213846349,0.05476229901455043,0
98,2/4,0.19561541208254452,0.8804383361567888,-0.058431977578505545,0.13815188916769627,0.10634040517688592,-0.02460015199955845,0
99,2/4,0.17260777880333358,0.986487748750674,-0.02300763327921093,0.10604941259388523,0.03542434429929461,-0.032102476573811045,0
100,2/4,0.0,0.9383128049013489,-0.17382120056240624,-0.04817494384932508,-0.1508135672831953,-0.1542243564432103,0
101,2/4,0.0,0.8822321856942091,-0.1841099950601021,-0.056080619207139804,-0.010288794497695847,-0.007905675357814723,1
102,2/4,0.0,0.5532465492279017,-0.07724099158987138,-0.3289856364663074,0.1068690034702307,-0.2729050172591676,0
103,2/4,0.0140219458520415,0.30914290081391943,0.0140219458520415,-0.2441036484139823,0.09126293744191288,0.08488198805232511,0
104,2/4,0.05026071145484336,0.18432281649237667,0.036238765602801856,-0.12482008432154276,0.022216819750760355,0.11928356409243954,0
105,2/4,0.070479460900879,0.022823285653024918,0.020218749446035647,-0.16149953083935176,-0.01602001615676621,-0.036679446517808995,0
106,2/4,0.08286293845487627,0.0,0.012383477553997269,-0.0971193528645629,-0.007835271892038378,0.06438017797478886,0
107,2/4,0.08904201518938618,0.0,0.006179076734509903,-0.036517814789686645,-0.006204400819487366,0.060601538074876254,0
108,2/4,0.09109326607256363,0.03601889106643056,0.0020512508831774523,0.03601889106643056,-0.004127825851332451,0.07253670585611721,0
109,2/4,0.0988424360756785,0.09692727241802249,0.007749170003114869,0.06090838135159193,0.005697919119937417,0.024889490285161367,0
110,2/4,0.11758225895902816,0.17495402909254468,0.01873982288334966,0.07802675667452219,0.010990652880234791,0.017118375322930264,0
111,2/4,0.14044990769371027,0.2927661729715632,0.02286764873468211,0.11781214387901853,0.004127825851332451,0.03978538720449634,0
112,2/4,0.14251635302787422,0.5367587722696683,0.0020664453341639466,0.24399259929810507,-0.020801203400518165,0.12618045541908654,0
113,2/4,0.14587939151288615,0.6369366083392076,0.003363038485011932,0.10017783606953934,0.0012965931508479855,-0.14381476322856573,0
114,2/4,0.23730440309865503,0.7827640752240904,0.09142501158576888,0.1458274668848828,0.08806197310075695,0.045649630815343456,0
115,2/4,0.2800261344556968,0.829369976509008,0.04272173135704177,0.046605901284917595,-0.04870328022872711,-0.0992215655999652,1
116,2/4,0.352508730478296,0.7589310181256721,0.07248259602259921,-0.07043895838333591,0.02976086466555744,-0.11704485966825351,0
117,2/4,0.4249862616838997,0.7443620674340768,0.07247753120560368,-0.01456895069159525,-5.064816995525856e-06,0.055870007691740664,0
118,2/4,0.4771437471035578,0.6435397882219984,0.05215748541965809,-0.10082227921207843,-0.020320045785945595,-0.08625332852048317,0
119,2/4,0.5890103600831643,0.5215283696722411,0.11186661297960654,-0.12201141854975728,0.05970912755994845,-0.021189139337678853,0
120,2/4,0.6597101405233475,0.4434184590438429,0.07069978044018321,-0.07810991062839823,-0.041166832539423326,0.04390150792135905,0
121,2/4,0.7245600573337284,0.3641519525115329,0.06484991681038088,-0.07926650653231004,-0.005849863629802332,-0.0011565959039118168,0
122,2/4,0.7444901122110206,0.352262826969851,0.019930054877292158,-0.011889125541681866,-0.04491986193308872,0.06737738099062818,0
123,2/4,0.7281459477665423,0.33825138574174274,-0.016344164444478282,-0.014011441228108268,-0.03627421932177044,-0.0021223156864264014,0
124,2/4,0.7185531843770655,0.3497776576665111,-0.009592763389476788,0.01152627192476835,0.006751401055001494,0.025537713152876618,0
125,2/4,0.7061190586531132,0.41950791757931283,-0.012434125723952305,0.06973025991280174,-0.0028413623344755168,0.05820398798803339,0
126,2/4,0.6726710072148319,0.49290262105042343,-0.033448051438281334,0.0733947034711106,-0.02101392571432903,0.003664443558308861,0
127,2/4,0.5968962801451576,0.5856854248127619,-0.07577472706967425,0.09278280376233844,-0.04232667563139292,0.01938810029122784,0
128,2/4,0.5317120854130738,0.6946057652148112,-0.06518419473208381,0.10892034040204934,0.010590532337590441,0.016137536639710903,0
129,2/4,0.42802515188119966,0.800840610879183,-0.10368693353187414,0.1062348456643718,-0.038502738799790326,-0.0026854947376775407,0
130,2/4,0.38251777117663294,0.8570583532871325,-0.045507380704566724,0.05621774240794952,0.05817955282730741,-0.05001710325642228,0
131,2/4,0.37553845335683406,0.9848470817686846,-0.00697931781979888,0.1277887284815521,0.038528062884767844,0.07157098607360257,0
132,2/4,0.3297575725345104,0.9495690168367859,-0.04578088082232368,-0.03527806493189878,-0.0388015630025248,-0.16306679341345087,1
133,2/4,0.18165725876909752,0.9154418782210345,-0.14810031376541286,-0.03412713861575134,-0.10231943294308918,0.0011509263161474381,0
134,2/4,0.07998105758443683,0.6855533234178542,-0.1016762011846607,-0.22988855480318027,0.04642411258075216,-0.19576141618742893,0
135,2/4,0.0367173908088766,0.3672494372934144,-0.043263666775560226,-0.3183038861244398,0.05841253440910047,-0.08841533132125956,0
136,2/4,0.04381826423656747,0.03667278352191012,0.007100873427690869,-0.3305766537715043,0.050364540203251096,-0.012272767647064475,0
137,2/4,0.07089984071150549,0.0,0.027081576474938016,-0.22032436136480787,0.019980703047247146,0.11025229240669643,0
138,2/4,0.08952823762095416,0.0,0.018628396909448675,-0.04262924520565598,-0.008453179565489341,0.1776951161591519,0
139,2/4,0.10124822414854096,0.0,0.011719986527586795,-0.040061176265520734,-0.006908410381861879,0.002568068940135247,0
140,2/4,0.10706263405937486,0.013736545649555024,0.005814409910833901,0.013736545649555024,-0.0059055766167528945,0.05379772191507576,0
141,2/4,0.11487764668343121,0.03732989216839779,0.007815012624056358,0.02359334651884277,0.0020006027132224574,0.009856800869287745,0
142,2/4,0.11253770123151026,0.07991430824572279,-0.002339945451920955,0.042584416077325,-0.010154958075977313,0.018991069558482232,0
143,2/4,0.11396091480724573,0.2351209679119804,0.0014232135757354658,0.1552066596662576,0.003763159027656421,0.11262224358893261,0
144,2/4,0.11381403511437622,0.4097432199351408,-0.00014687969286950042,0.1746222520231604,-0.0015700932686049662,0.019415592356902794,0
145,2/4,0.11116513582572977,0.533438198898771,-0.00264889928864645,0.12369497896363019,-0.0025020195957769498,-0.05092727305953021,0
146,2/4,0.09574276807443255,0.647721985360992,-0.015422367751297225,0.11428378646222104,-0.012773468462650775,-0.009411192501409149,0
147,2/4,0.0870008939401997,0.758650354870134,-0.008741874134232844,0.11092836950914198,0.006680493617064381,-0.00335541695307906,0
148,2/4,0.08755802380970469,0.8446794782586693,0.0005571298695049853,0.0860291233885353,0.009299004003737829,-0.024899246120606677,0
149,2/4,0.1382264530326858,0.9238684429150378,0.05066842922298111,0.07918896465636849,0.05011129935347612,-0.006840158732166812,1
150,2/4,0.21961299733337386,0.8906375854492702,0.08138654430068806,-0.033230857465767594,0.030718115077706956,-0.11241982212213608,0
151,2/4,0.2772050313892033,0.8215626656095768,0.057592034055829466,-0.06907491983969338,-0.023794510244858597,-0.03584406237392579,0
152,2/4,0.32038766109283556,0.7579109542344743,0.043182629703632236,-0.0636517113751025,-0.01440940435219723,0.0054232084645908785,0
153,2/4,0.4435234918874294,0.6654633835029315,0.12313583079459384,-0.09244757073154275,0.0799532010909616,-0.028795859356440245,0
154,2/4,0.5313220945044204,0.48988244092174865,0.08779860261699096,-0.1755809425811829,-0.035337228177602875,-0.08313337184964015,0
155,2/4,0.5949412607848947,0.39169818959300634,0.06361916628047437,-0.09818425132874231,-0.02417943633651659,0.07739669125244059,0
156,2/4,0.6422466515228639,0.3497885117383365,0.04730539073796913,-0.04190967785466981,-0.016313775542505238,0.0562745734740725,0
157,2/4,0.6241753844829202,0.3457906877691046,-0.01807126703994366,-0.003997823969231928,-0.0653766577779128,0.037911853885437885,0
158,2/4,0.6101661006733674,0.3729910723698915,-0.014009283809552797,0.027200384600786887,0.004061983230390864,0.031198208570018815,0
159,2/4,0.6043111722265695,0.4066084986090553,-0.0058549284467979135,0.033617426239163806,0.008154355362754884,0.006417041638376919,0
160,2/4,0.5956402055302736,0.48797489973811725,-0.008670966696295856,0.08136640112906196,-0.002816038249497943,0.047748974889898155,0
161,2/4,0.5544835026248414,0.5706978058356422,-0.041156702905432274,0.08272290609752497,-0.03248573620913642,0.0013565049684630126,0
162,2/4,0.4971447094187869,0.6421989718676332,-0.05733879320605445,0.07150116603199097,-0.016182090300622176,-0.011221740065534003,0
163,2/4,0.43957293463093944,0.7174800776511238,-0.057571774787847474,0.07528110578349057,-0.00023298158179302364,0.0037799397514995947,0
164,2/4,0.36649269020287123,0.7654441253494934,-0.07308024442806821,0.047964047698369594,-0.015508469640220734,-0.02731705808512097,0
165,2/4,0.3055376176620298,0.8079596618999223,-0.060955072540841426,0.042515536550428945,0.012125171887226782,-0.005448511147940649,0
166,2/4,0.2560340963480137,0.8594196970144239,-0.049503521314016086,0.05146003511450159,0.01145155122682534,0.008944498564072645,0
167,2/4,0.10207378931880744,0.8207571968562821,-0.15396030702920627,-0.038662500158141766,-0.10445678571519018,-0.09012253527264336,0
168,2/4,0.0,0.7261111040825879,-0.11956953576607536,-0.09464609277369418,0.034390771263130906,-0.05598359261555241,1
169,2/4,0.0,0.5807007999865053,-0.055141460851040866,-0.1454103040960827,0.0644280749150345,-0.05076421132238851,0
170,2/4,0.0,0.3988532261624123,-0.002415374137240997,-0.18184757382409295,0.05272608671379987,-0.03643726972801026,0
171,2/4,0.015936320252397235,0.1984573797384546,0.015936320252397235,-0.20039584642395772,0.018351694389638233,-0.018548272599864774,0
172,2/4,0.017827427135043285,0.09177283250888757,0.00189110688264605,-0.10668454722956702,-0.014045213369751185,0.0937112991943907,0
173,2/4,0.022442851358530927,0.08087159309911483,0.0046154242234876415,-0.010901239409772737,0.0027243173408415915,0.09578330781979429,0
174,2/4,0.030702401097216468,0.0761807567470308,0.008259549738685541,-0.004690836352084032,0.0036441255151978998,0.006210403057688704,0
175,2/4,0.03733765853818374,0.09161398788563749,0.006635257440967275,0.015433231138606687,-0.0016242922977182661,0.02012406749069072,0
176,2/4,0.04174009918949219,0.1408178670681359,0.004402440651308445,0.04920387918249841,-0.00223281678965883,0.033770648043891724,0
177,2/4,0.041330515396839886,0.19338700313612703,-0.000409583792652303,0.05256913606799113,-0.004812024443960748,0.003365256885492718,0
178,2/4,0.0494262316184645,0.3077101493280029,0.008095716221624617,0.11432314619187586,0.00850530001427692,0.061754010123884734,0
179,2/4,0.07497021740707714,0.4198516419332937,0.02554398578861264,0.11214149260529083,0.01744826956698802,-0.002181653586585036,0
180,2/4,0.10908737709560622,0.5035824382509099,0.034117159688529075,0.08373079631761615,0.008573173899916436,-0.028410696287674675,0
181,2/4,0.12383707458871936,0.5892924666883145,0.01474969749311314,0.0857100284374046,-0.019367462195415935,0.0019792321197884544,0
182,2/4,0.1612285641396517,0.66881739475138,0.03739148955093234,0.07952492806306555,0.0226417920578192,-0.006185100374339059,0
183,2/4,0.3031083899144087,0.7292402025901513,0.141879825774757,0.0604228078387713,0.10448833622382465,-0.01910212022429425,0
184,2/4,0.4036179121524682,0.770030939558918,0.10050952223805948,0.04079073696876667,-0.04137030353669752,-0.019632070870004625,1
185,2/4,0.5463122245548995,0.7623656322086291,0.1426943124024313,-0.007665307350288919,0.04218479016437182,-0.04845604431905559,0
186,2/4,0.6129409754647606,0.7395735373291893,0.06662875090986109,-0.022792094879439784,-0.07606556149257021,-0.015126787529150865,0
187,2/4,0.7045566782052273,0.7258355859750037,0.09161570274046671,-0.01373795135418554,0.02498695183060562,0.009054143525254243,0
188,2/4,0.761472442032191,0.7097374565461556,0.05691576382696373,-0.01609812942884814,-0.03469993891350298,-0.0023601780746626,0
189,2/4,0.8046917238328617,0.668772412203203,0.043219281800670695,-0.04096504434295256,-0.013696482026293033,-0.02486691491410442,0
190,2/4,0.800539714414775,0.6504532694581149,-0.0041520094180866884,-0.01831914274508817,-0.04737129121875738,0.022645901597864393,0
191,2/4,0.7925352768669415,0.6457821129708583,-0.008004437547833532,-0.004671156487256578,-0.0038524281297468432,0.01364798625783159,0
192,2/4,0.7863517318372992,0.6436538761602335,-0.006183545029642246,-0.002128236810624795,0.001820892518191286,0.002542919676631783,0
193,2/4,0.7695798606478913,0.658079217078749,-0.016771871189407928,0.014425340918515439,-0.010588326159765682,0.016553577729140234,0
194,2/4,0.7667291574510313,0.6741759408029666,-0.0028507031968599827,0.016096723724217665,0.013921167992547945,0.0016713828057022262,0
195,2/4,0.7128887827871826,0.7186004242416575,-0.05384037466384872,0.044424483438690876,-0.05098967146698874,0.02832775971447321,0
196,2/4,0.6855239044803786,0.7280706563375491,-0.027364878306804008,0.009470232095891595,0.026475496357044714,-0.03495425134279928,0
197,2/4,0.6406382017633168,0.7588218508350588,-0.044885702717061826,0.030751194497509737,-0.017520824410257818,0.021280962401618142,0
198,2/4,0.6136899286856105,0.8064372837850565,-0.02694827307770631,0.047615432949997705,0.017937429639355518,0.016864238452487967,0
199,2/4,0.565344998279748,0.8285532347372105,-0.04834493040586241,0.022115950952154018,-0.0213966573281561,-0.025499481997843687,0
200,2/4,0.5001673442352836,0.8303244225716804,-0.0651776540444644,0.001771187834469834,-0.016832723638602,-0.020344763117684184,1
201,2/4,0.3670783568902526,0.8231145635216837,-0.13308898734503105,-0.007209859049996714,-0.06791133330056665,-0.008981046884466548,0
202,2/4,0.12544264305591638,0.7494767264512846,-0.2416357138343362,-0.07363783707039906,-0.10854672648930516,-0.06642797802040235,0
203,2/4,0.04132115348157926,0.6071547554284799,-0.08412148957433711,-0.14232197102280475,0.1575142242599991,-0.06868413395240569,0
204,2/4,0.022087098578627215,0.48460120862484135,-0.019234054902952047,-0.1225535468036385,0.06488743467138507,0.019768424219166247,0
205,2/4,0.03589592358804764,0.4468383594302398,0.013808825009420427,-0.037762849194601544,0.03304287991237247,0.08479069760903696,0
206,2/4,0.011828779931798447,0.3250635729919158,-0.024067143656249193,-0.12177478643832401,-0.03787596866566962,-0.08401193724372247,0
207,2/4,0.0046598933209756055,0.2264140334304675,-0.007168886610822841,-0.09864953956144829,0.01689825704542635,0.023125246876875727,0
208,2/4,0.010021930286498011,0.20957790907059026,0.005362036965522406,-0.016836124359877247,0.012530923576345247,0.08181341520157104,0
209,2/4,0.021977096074314882,0.21483946150267014,0.011955165787816871,0.0052615524320798746,0.006593128822294465,0.02209767679195712,0
210,2/4,0.011657924978292059,0.2319426697423484,-0.010319171096022824,0.017103208239678258,-0.022274336883839695,0.011841655807598384,0
211,2/4,0.008346147454846312,0.2644889490530471,-0.003311777523445747,0.0325462793106987,0.007007393572577077,0.015443071071020442,0
212,2/4,0.015297369535859646,0.2990411688715144,0.006951222081013335,0.03455221981846729,0.010262999604459082,0.002005940507768589,0
213,2/4,0.017857853359640314,0.38271151989001767,0.0025604838237806675,0.08367035101850329,-0.004390738257232667,0.049118131200036,0
214,2/4,0.02133346440014698,0.4531092077870414,0.0034756110405066674,0.07039768789702372,0.000915127216726,-0.013272663121479567,0
215,2/4,0.023931395884970147,0.5576542725689393,0.0025979314848231655,0.1045450647818979,-0.000877679555683502,0.03414737688487418,0
216,2/4,0.04789789895216764,0.6608681350657237,0.02396650306719749,0.10321386249678444,0.021368571582374325,-0.0013312022851134642,0
217,2/4,0.10600730697486092,0.6997302452814009,0.058109408022693286,0.038862110215677204,0.034142904955495795,-0.06435175228110723,0
218,2/4,0.3190142839422089,0.6915898097659924,0.21300697696734794,-0.00814043551540855,0.15489756894465465,-0.047002545731085754,0
219,2/4,0.347160882173275,0.6864463365228771,0.028146598231066133,-0.00514347324311526,-0.1848603787362818,0.002996962272293291,0
220,2/4,0.42801038236402406,0.6892099518265024,0.08084950019074905,0.002763615303625233,0.05270290195968291,0.007907088546740493,1
221,2/4,0.4885023978205461,0.6748633303672965,0.06049201545652205,-0.014346621459205844,-0.020357484734226994,-0.017110236762831077,0
222,2/4,0.5225142359623932,0.6667313290796711,0.034011838141847106,-0.008132001287625368,-0.026480177314674946,0.006214620171580476,0
223,2/4,0.5314033745023556,0.6570432127660472,0.008889138539962427,-0.009688116313623985,-0.02512269960188468,-0.0015561150259986167,0
224,2/4,0.5372077619639426,0.6498263251928978,0.005804387461586957,-0.007216887573149311,-0.0030847510783754695,0.0024712287404746736,0
225,2/4,0.5341791823771307,0.6456626280772632,-0.003028579586811908,-0.00416369711563469,-0.008832967048398865,0.0030531904575146207,0
226,2/4,0.5280798945848342,0.6463261206628741,-0.006099287792296515,0.0006634925856109364,-0.003070708205484607,0.004827189701245627,0
227,2/4,0.5209086674951962,0.6662491723913988,-0.0071712270896380215,0.01992305172852471,-0.0010719392973415065,0.019259559142913774,0
228,2/4,0.5178707259931237,0.693910628111,-0.003037941502072483,0.027661455719601213,0.004133285587565538,0.0077384039910765035,0
229,2/4,0.5143553268127593,0.7208650144014439,-0.0035153991803643647,0.026954386290443888,-0.00047745767829188157,-0.0007070694291573254,0
230,2/4,0.500396711159169,0.7872325471227335,-0.013958615653590356,0.06636753272128959,-0.010443216473225991,0.0394131464308457,0
231,2/4,0.4981872991576617,0.8867339436902839,-0.0022094120015072605,0.09950139656755042,0.011749203652083096,0.033133863846260825,0
232,2/4,0.4734577999967233,0.889915053269177,-0.024729499160938362,0.00318110957889306,-0.0225200871594311,-0.09632028698865736,1
233,2/4,0.46821512745077387,0.8664679000319095,-0.005242672545949456,-0.023447153237267426,0.019486826614988906,-0.026628262816160486,0
234,2/4,0.22995438406789262,0.8139071981917015,-0.23826074338288125,-0.052560701840208,-0.2330180708369318,-0.029113548602940575,0
235,2/4,0.03449865773539951,0.6759597799791113,-0.1954557263324931,-0.13794741821259027,0.04280501705038814,-0.08538671637238227,0
236,2/4,0.02449311080060759,0.5647924406827789,-0.010005546934791918,-0.11116733929633238,0.1854501793977012,0.026780078916257888,0
237,2/4,0.055307854880951544,0.4720609176158687,0.030814744080343955,-0.09273152306691018,0.04082029101513587,0.018435816229422197,0
238,2/4,0.07662259545057729,0.33944955418077644,0.02131474056962574,-0.13261136343509228,-0.009500003510718214,-0.039879840368182096,0
239,2/4,0.08582301767295554,0.25953665163968415,0.009200422222378254,-0.07991290254109229,-0.012114318347247487,0.05269846089399999,0
240,2/4,0.09496258744613974,0.2518305788551098,0.009139569773184197,-0.007706072784574358,-6.085244919405708e-05,0.07220682975651793,0
241,2/4,0.09893906095308978,0.2515086724947181,0.003976473506950046,-0.0003219063603916994,-0.005163096266234152,0.007384166424182659,0
242,2/4,0.10337192782899525,0.27330271708648035,0.004432866875905467,0.021794044591762263,0.00045639336895542115,0.022115950952153962,0
243,2/4,0.0941925699159534,0.28154858044917885,-0.00917935791304185,0.008245863362698502,-0.013612224788947316,-0.01354818122906376,0
244,2/4,0.07620599022147952,0.37861389089201797,-0.017986579694473884,0.09706531044283911,-0.008807221781432034,0.08881944708014061,0
245,2/4,0.06122692580448108,0.47377025444659515,-0.014979064416998436,0.09515636355457718,0.0030075152774754477,-0.001908946888261931,0
246,2/4,0.06377570723418596,0.560818513692266,0.0025487814297048828,0.08704825924567083,0.01752784584670332,-0.00810810430890635,0
247,2/4,0.06213971254239192,0.6853808124129341,-0.0016359946917940404,0.12456229872066815,-0.004184776121498923,0.03751403947499732,0
248,2/4,0.09702688976110732,0.7579306340993018,0.0348871772187154,0.0725498216863677,0.03652317191050944,-0.05201247703430045,0
249,2/4,0.27261663191055624,0.7775781677202422,0.17558974214944892,0.019647533620940405,0.14070256493073352,-0.052902288065427294,0
250,2/4,0.3608480022843073,0.7471221711951441,0.08823137037375106,-0.030455996525098117,-0.08735837177569786,-0.05010353014603852,0
251,2/4,0.4562646426205873,0.7289829586427641,0.09541664033628,-0.018139212552380046,0.00718526996252894,0.01231678397271807,1
252,2/4,0.5214657014532033,0.7180240853431396,0.06520105883261595,-0.010958873299624527,-0.030215581503664046,0.007180339252755519,0
253,2/4,0.5713927955381112,0.6892577457839404,0.04992709408490792,-0.02876633955919916,-0.015273964747708035,-0.017807466259574634,0
254,2/4,0.6307473382904675,0.6653326529722922,0.0593545427523563,-0.02392509281164823,0.00942744866744838,0.004841246747550931,0
255,2/4,0.6466579132758979,0.6603986297191261,0.01591057498543047,-0.004934023253166053,-0.04344396776692583,0.018991069558482176,0
256,2/4,0.6592216035556554,0.6580215831888971,0.012563690279757456,-0.0023770465302289656,-0.0033468847056730144,0.0025569767229370877,0
257,2/4,0.6538104165350147,0.6553394987538429,-0.005411187020640695,-0.002682084435054244,-0.01797487730039815,-0.00030503790482527826,0
258,2/4,0.6364066160655146,0.6577207623979634,-0.017403800469500075,0.0023812636441205015,-0.01199261344885938,0.005063348079174745,0
259,2/4,0.6334201650973756,0.6764545880090583,-0.0029864509681389872,0.018733825611094934,0.014417349501361088,0.016352561966974433,0
260,2/4,0.6153142209833288,0.696329845780145,-0.018105944114046868,0.019875257771086674,-0.01511949314590788,0.0011414321599917399,0
261,2/4,0.5874110325490389,0.7254518286108687,-0.02790318843428985,0.029121982830723647,-0.009797244320242982,0.009246725059636973,0
262,2/4,0.5527064126779057,0.7936748914444599,-0.03470461987113327,0.06822306283359125,-0.006801431436843419,0.039101080002867605,0
263,2/4,0.5463777579617238,0.8400308130455012,-0.006328654716181825,0.046355921601041294,0.028375965154951444,-0.021867141232549958,1
264,2/4,0.5233989369545221,0.8756429341553894,-0.022978821007201722,0.035612121109888206,-0.016650166291019897,-0.010743800491153088,0
265,2/4,0.35380784200831805,0.904852070673206,-0.16959109494620406,0.029209136517816647,-0.14661227393900234,-0.006402984592071559,0
266,2/4,0.1409974652614432,0.8584427322962045,-0.21281037674687486,-0.04640933837700156,-0.043219281800670806,-0.07561847489481821,0
267,2/4,0.043076512592946266,0.7074419408844975,-0.09792095266849693,-0.15100079141170697,0.11488942407837793,-0.1045914530347054,0
268,2/4,0.018379780135420104,0.5567082333525915,-0.024696732457526162,-0.15073370753190607,0.07322422021097078,0.0002670838798009001,0
269,2/4,0.03335182311597307,0.44681727386078185,0.014972042980552963,-0.1098909594918096,0.039668775438079125,0.040842748040096466,0
270,2/4,0.019194266763094395,0.3350159617760797,-0.014157556352878672,-0.11180131208470218,-0.029129599333431636,-0.0019103525928925724,0
271,2/4,0.00922616748934497,0.2594846405683545,-0.009968099273749425,-0.07553132120772516,0.004189457079129247,0.03626999087697702,0
272,2/4,0.0,0.21457237762286913,-0.026890779483194988,-0.04491226294548539,-0.01692268020944556,0.030619058262239762,0
273,2/4,0.0,0.2170520405911269,-0.001326914556344511,0.002479662968257773,0.025563864926850477,0.047391925913743166,0
274,2/4,0.010006955970771149,0.26655955197382014,0.010006955970771149,0.04950751138269324,0.01133387052711566,0.04702784841443547,0
275,2/4,0.014683296716919538,0.2959626757306501,0.004676340746148389,0.029403123756829963,-0.00533061522462276,-0.02010438762586328,0
276,2/4,0.023845435115485186,0.3296419529735573,0.009162138398565648,0.0336792772429072,0.004485797652417259,0.004276153486077239,0
277,2/4,0.03004612061148263,0.41714987763341194,0.006200685495997445,0.08750792465985463,-0.0029614529025682023,0.05382864741694743,0
278,2/4,0.03311088001065205,0.5106446983147007,0.00306475939916942,0.09349482068128878,-0.0031359260968280255,0.0059868960214341516,0
279,2/4,0.03365955229260073,0.6080825204846307,0.0005486722819486797,0.09743782216993002,-0.0025160871172207402,0.00394300148864124,0
280,2/4,0.03220866994033476,0.7126908419749025,-0.001450882352265974,0.10460832149027177,-0.0019995546342146536,0.00717049932034175,0
281,2/4,0.09292304584283179,0.8267440928777163,0.06071437590249703,0.11405325090281382,0.062165258254763,0.009444929412542047,0
282,2/4,0.19910835014933528,0.8396681412508241,0.1061853043065035,0.012924048373107788,0.04547092840400647,-0.10112920252970603,0
283,2/4,0.3191550905997975,0.785343280099299,0.12004674045046224,-0.05432486115152513,0.013861436143958739,-0.06724890952463292,0
284,2/4,0.42681882565766066,0.7703598744424625,0.10766373505786314,-0.014983405656836535,-0.012383005392599095,0.03934145549468859,1
285,2/4,0.515070122154193,0.7241459290091048,0.08825129649653235,-0.04621394543335766,-0.01941243856133079,-0.031230539776521127,0
286,2/4,0.5912552198477032,0.6686065390568003,0.07618509769351023,-0.05553938995230445,-0.012066198803022121,-0.00932544451894679,0
287,2/4,0.6726745133690085,0.622562683883737,0.08141929352130528,-0.04604385517306331,0.005234195827795052,0.009495534779241144,0
288,2/4,0.7156362417555676,0.5814373892129038,0.042961728386559095,-0.04112529467083326,-0.038457565134746186,0.004918560502230052,0
289,2/4,0.7475969761040595,0.5713894125138638,0.03196073434849189,-0.010047976699040007,-0.011000994038067202,0.03107731797179325,0
290,2/4,0.7625373912125198,0.5667829184396116,0.014940415108460336,-0.0046064940742521765,-0.017020319240031556,0.00544148262478783,0
291,2/4,0.7715549005158437,0.5703379454502261,0.0090175093033239,0.0035550270106144977,-0.005922905805136436,0.008161521084866674,0
292,2/4,0.761316078852701,0.6298990563504815,-0.010238821663142716,0.0595611109002554,-0.019256330966466617,0.0560060838896409,0
293,2/4,0.7532398065184104,0.6934776710847963,-0.008076272334290646,0.06357861473431481,0.0021625493288520703,0.0040175038340594105,0
294,2/4,0.751977171559951,0.7531146900351005,-0.0012626349584593521,0.059637018950304155,0.006813637375831294,-0.003941595784010654,0
295,2/4,0.7475969761040595,0.8223709457721324,-0.004380195455891522,0.06925625573703198,-0.0031175604974321702,0.009619236786727825,0
296,2/4,0.7413021669111587,0.9082665272207673,-0.006294809192900819,0.08589558144863485,-0.0019146137370092964,0.01663932571160287,0
297,2/4,0.6694421678753527,0.9331728018645267,-0.07185999903580598,0.024906274643759385,-0.06556518984290516,-0.060989306804875465,1
298,2/4,0.6254519659226303,0.9151333943409143,-0.04399020195272241,-0.018039407523612327,0.02786979708308357,-0.04294568216737171,0
299,2/4,0.3804319129837901,0.8931903450583156,-0.24502005293884022,-0.021943049282598714,-0.2010298509861178,-0.003903641758986387,0
300,2/4,0.20681271909586155,0.7308427058689574,-0.17361919388792854,-0.16234763918935824,0.07140085905091167,-0.14040458990675952,0
301,2/4,0.1370463983911735,0.5252162325147915,-0.06976632070468805,-0.20562647335416584,0.10385287318324049,-0.0432788341648076,0
302,2/4,0.10584554071768171,0.33804666095950586,-0.03120085767349179,-0.18716957155528569,0.03856546303119626,0.018456901798880154,0
303,2/4,0.15865811748014794,0.07795616169539224,0.05281257676246623,-0.26009049926411365,0.08401343443595802,-0.07292092770882797,0
304,2/4,0.18287775168332196,0.0,0.024219634203174023,-0.08001110836830412,-0.028592942559292206,0.18007939089580954,0
305,2/4,0.19686774702305113,0.0,0.013989995339729167,-0.06682076203913725,-0.010229638863444857,0.013190346329166866,0
306,2/4,0.20557763253649589,0.0,0.00870988551344476,-0.0403321530536753,-0.005280109826284407,0.026488608985461952,0
307,2/4,0.20074288849555896,0.026344645847019177,-0.0048347440409369224,0.026344645847019177,-0.013544629554381682,0.06667679890069447,0
308,2/4,0.19722128481141973,0.053005819335568284,-0.0035216036841392295,0.026661173488549107,0.001313140356797693,0.00031652764152993035,0
309,2/4,0.19892469415537756,0.10178373374498674,0.0017034093439578235,0.048777914409418456,0.005225013028097053,0.02211674092086935,0
310,2/4,0.19640860703815682,0.1354524775196291,-0.0025160871172207333,0.033668743774642365,-0.004219496461178557,-0.015109170634776091,0
311,2/4,0.20017355491429004,0.3267406822175525,0.0037649478761332122,0.19128820469792338,0.0062810349933539456,0.157619460923281,0
312,2/4,0.20150046947063455,0.5145809965345247,0.0013269145563445106,0.18784031431697223,-0.0024380333197887016,-0.0034478903809511408,0
313,2/4,0.20032507110930517,0.6524639541587587,-0.0011753983613293773,0.13788295762423397,-0.002502312917673888,-0.049957356692738264,0
314,2/4,0.20677139649722107,0.7323419654105627,0.006446325387915897,0.07987801125180405,0.007621723749245274,-0.05800494637242992,0
315,2/4,0.6026464828729308,0.8538873236959877,0.3958750863757097,0.12154535828542501,0.3894287609877938,0.04166734703362096,0
316,2/4,0.7420276080872917,0.8211166643010831,0.13938112521436097,-0.032770659394904644,-0.2564939611613487,-0.15431601768032965,0
317,2/4,0.7863208424300443,0.7909485655143135,0.04429323434275256,-0.030168098786769626,-0.0950878908716084,0.0026025606081350183,0
318,2/4,0.8524691400537653,0.7416355686632611,0.06614829762372099,-0.04931299685105239,0.021855063280968423,-0.019144898064282767,1
319,2/4,0.9557251312566432,0.7313069702652426,0.10325599120287787,-0.010328598398018474,0.037107693579156886,0.03898439845303392,0
320,2/4,0.9981955798593655,0.7237040265581764,0.04247044860272231,-0.0076029437070661565,-0.06078554260015556,0.002725654690952317,0
321,2/4,1.0,0.6868926154854869,0.02571002834511582,-0.03681141107268959,-0.01676042025760649,-0.029208467365623436,0
322,2/4,0.9988393067210415,0.6649768444957476,-0.0011606932789585134,-0.02191577098973929,-0.026870721624074334,0.014895640082950301,0
323,2/4,1.0,0.6426716942644438,0.003251189009460642,-0.02230515023130375,0.0044118822884191555,-0.00038937924156445813,0
324,2/4,0.9883055581021464,0.6392765584904143,-0.011694441897853625,-0.0033951357740295007,-0.014945630907314267,0.01891001445727425,0
325,2/4,0.973020050489579,0.6403655643047257,-0.015285507612567417,0.0010890058143113723,-0.0035910657147137925,0.004484141588340873,0
326,2/4,0.9606145507478405,0.6730847251547782,-0.012405499741738435,0.03271916085005255,0.0028800078708289822,0.03163015503574118,0
